[
	{
		"first_name": "Fredericka",
		"last_name": "Blackwell",
		"email": "fredericka5320@icloud.net",
		"password": "erat, in",
		"date_of_birth": "1992-1-7",
		"phone": "043-923-3259",
		"address": "Ap #633-6877 Vulputate St.",
		"user_role": "user",
		"account_type": "personal_account",
		"account_number": "MR7066423675732664191628486",
		"account_balance": 301690.36
	},
	{
		"first_name": "Xantha",
		"last_name": "Wagner",
		"email": "xantha@outlook.com",
		"password": "Aliquam ornare,",
		"date_of_birth": "2018-5-29",
		"phone": "020-817-5584",
		"address": "2395 Nec Road",
		"user_role": "user",
		"account_type": "company_account",
		"account_number": "SK8443251373484011271971",
		"account_balance": 972095.16
	},
	{
		"first_name": "Carson",
		"last_name": "Sanchez",
		"email": "carson3703@outlook.com",
		"password": "pretium aliquet,",
		"date_of_birth": "2020-7-15",
		"phone": "078-193-3141",
		"address": "Ap #926-9430 Et Avenue",
		"user_role": "user",
		"account_type": "company_account",
		"account_number": "MR3282768460822413566027769",
		"account_balance": 810782.95
	},
	{
		"first_name": "Palmer",
		"last_name": "Daugherty",
		"email": "palmer6673@icloud.net",
		"password": "non quam.",
		"date_of_birth": "2024-12-3",
		"phone": "032-223-3193",
		"address": "P.O. Box 988, 5790 Eu Av.",
		"user_role": "user",
		"account_type": "personal_account",
		"account_number": "IT794RGPGI31847536335679042",
		"account_balance": 693711.45
	},
	{
		"first_name": "Knox",
		"last_name": "Leon",
		"email": "knox5799@outlook.net",
		"password": "iaculis, lacus",
		"date_of_birth": "2011-8-23",
		"phone": "045-463-3373",
		"address": "Ap #330-7773 At Av.",
		"user_role": "user",
		"account_type": "personal_account",
		"account_number": "BE14744484422136",
		"account_balance": 370154.37
	},
	{
		"first_name": "Unity",
		"last_name": "James",
		"email": "unity@hotmail.com",
		"password": "erat, in",
		"date_of_birth": "2001-10-8",
		"phone": "052-300-2198",
		"address": "466-8159 Tincidunt Rd.",
		"user_role": "user",
		"account_type": "personal_account",
		"account_number": "CH5829387371989307844",
		"account_balance": 212585.66
	},
	{
		"first_name": "Lacy",
		"last_name": "Alvarez",
		"email": "lacy@google.org",
		"password": "ac risus.",
		"date_of_birth": "2007-4-12",
		"phone": "036-864-8384",
		"address": "Ap #740-3491 Vitae Av.",
		"user_role": "user",
		"account_type": "personal_account",
		"account_number": "SK4278741446425937548194",
		"account_balance": 206776.98
	},
	{
		"first_name": "Jacob",
		"last_name": "Le",
		"email": "jacob1980@google.org",
		"password": "sapien. Nunc",
		"date_of_birth": "2015-2-7",
		"phone": "028-872-3251",
		"address": "300-1353 Donec Rd.",
		"user_role": "user",
		"account_type": "personal_account",
		"account_number": "AL15826847435107016314421718",
		"account_balance": 39140.87
	},
	{
		"first_name": "Keegan",
		"last_name": "Cole",
		"email": "keegan1310@hotmail.net",
		"password": "a, arcu.",
		"date_of_birth": "1986-3-16",
		"phone": "007-842-9444",
		"address": "684 Mi Avenue",
		"user_role": "user",
		"account_type": "company_account",
		"account_number": "MT40MESC56468865533334362702675",
		"account_balance": 482116.22
	},
	{
		"first_name": "Dai",
		"last_name": "Blake",
		"email": "dai7800@yahoo.org",
		"password": "lacus. Quisque",
		"date_of_birth": "2008-1-7",
		"phone": "046-337-3515",
		"address": "Ap #840-3893 Luctus Rd.",
		"user_role": "user",
		"account_type": "personal_account",
		"account_number": "RO22GEXM5498623093623261",
		"account_balance": 404719.67
	},
	{
		"first_name": "Troy",
		"last_name": "Waters",
		"email": "troy9820@google.com",
		"password": "Vivamus molestie",
		"date_of_birth": "2002-4-6",
		"phone": "015-783-6828",
		"address": "217-5346 Aliquet Av.",
		"user_role": "user",
		"account_type": "company_account",
		"account_number": "DO81634645827159820655811655",
		"account_balance": 407806.41
	},
	{
		"first_name": "Hiroko",
		"last_name": "Olson",
		"email": "hiroko3614@outlook.net",
		"password": "convallis dolor.",
		"date_of_birth": "2002-2-23",
		"phone": "030-936-0523",
		"address": "P.O. Box 930, 1269 Quisque Street",
		"user_role": "user",
		"account_type": "company_account",
		"account_number": "GI29PWOW144856284060309",
		"account_balance": 534081.08
	},
	{
		"first_name": "Candice",
		"last_name": "Barlow",
		"email": "candice@hotmail.net",
		"password": "hendrerit consectetuer,",
		"date_of_birth": "2020-3-2",
		"phone": "035-671-3536",
		"address": "Ap #433-5155 Lacus. Av.",
		"user_role": "user",
		"account_type": "company_account",
		"account_number": "LU605647817151878146",
		"account_balance": 300045.39
	},
	{
		"first_name": "Zachery",
		"last_name": "Maynard",
		"email": "zachery2847@outlook.org",
		"password": "metus facilisis",
		"date_of_birth": "2004-9-24",
		"phone": "013-564-3464",
		"address": "Ap #192-1845 Est Rd.",
		"user_role": "user",
		"account_type": "company_account",
		"account_number": "GT48091392377815411598775746",
		"account_balance": 153232.00
	},
	{
		"first_name": "Louis",
		"last_name": "Olsen",
		"email": "louis4886@google.org",
		"password": "vel nisl.",
		"date_of_birth": "2019-7-10",
		"phone": "084-827-4719",
		"address": "9197 Cursus St.",
		"user_role": "user",
		"account_type": "company_account",
		"account_number": "MK98558436235776510",
		"account_balance": 249913.43
	},
	{
		"first_name": "Sharon",
		"last_name": "Irwin",
		"email": "sharon5792@google.net",
		"password": "ante blandit",
		"date_of_birth": "1991-4-19",
		"phone": "064-874-4378",
		"address": "Ap #831-2988 Vel, Avenue",
		"user_role": "user",
		"account_type": "company_account",
		"account_number": "SK0302389036544002975882",
		"account_balance": 851111.29
	},
	{
		"first_name": "Barry",
		"last_name": "Kelly",
		"email": "barry@outlook.net",
		"password": "et magnis",
		"date_of_birth": "2008-9-2",
		"phone": "068-168-8336",
		"address": "181-6745 Nulla. St.",
		"user_role": "user",
		"account_type": "personal_account",
		"account_number": "CH6327881510281813671",
		"account_balance": 301101.25
	},
	{
		"first_name": "Ora",
		"last_name": "Fernandez",
		"email": "ora@google.com",
		"password": "malesuada ut,",
		"date_of_birth": "2007-6-3",
		"phone": "004-387-6121",
		"address": "949-7108 Odio Road",
		"user_role": "user",
		"account_type": "personal_account",
		"account_number": "IT671SHVMI43897237507426637",
		"account_balance": 812607.51
	},
	{
		"first_name": "Wylie",
		"last_name": "Jackson",
		"email": "wylie@google.org",
		"password": "felis orci,",
		"date_of_birth": "2000-8-4",
		"phone": "006-849-0263",
		"address": "Ap #524-9515 Congue. Rd.",
		"user_role": "user",
		"account_type": "company_account",
		"account_number": "IS554781522311364274781947",
		"account_balance": 858093.61
	},
	{
		"first_name": "Wanda",
		"last_name": "Ayala",
		"email": "wanda1689@google.org",
		"password": "dolor elit,",
		"date_of_birth": "1990-11-25",
		"phone": "019-512-8514",
		"address": "Ap #532-2738 Vivamus St.",
		"user_role": "user",
		"account_type": "company_account",
		"account_number": "VG7275757443655928672588",
		"account_balance": 708676.68
	}
]
